	cocktail	cluster	x	y
0	Gauguin	1	25.264394760131836	-3.9183690547943115
1	Fort Lauderdale	1	30.196989059448242	-5.025713920593262
2	Apple Pie	3	3.507383346557617	-15.76955509185791
3	Cuban Cocktail No. 1	1	29.400907516479492	-3.5445852279663086
4	Cool Carlos	6	10.025469779968262	24.20488166809082
5	John Collins	2	24.206024169921875	-11.766806602478027
6	Cherry Rum	4	-13.364553451538086	-20.400972366333008
7	Casa Blanca	1	31.646957397460938	-4.569240093231201
8	Caribbean Champagne	1	31.647581100463867	-7.265138149261475
9	Amber Amour	2	21.27109146118164	-11.76059341430664
10	The Joe Lewis	2	16.52877426147461	-10.746359825134277
11	Bacardi Cocktail	1	30.336641311645508	-3.4602200984954834
12	Apple Pie No. 1	4	-10.26021957397461	-23.677656173706055
13	Yolanda	7	1.012114405632019	27.223369598388672
14	Yellow Rattler	7	-0.6976656317710876	24.870193481445312
15	Why Not?	4	-18.15203285217285	-21.354782104492188
16	Amaretto Stinger	0	38.612037658691406	-6.473852157592773
17	What The Hell	4	-18.15097427368164	-21.353775024414062
18	Webster Cocktail	7	-2.157970428466797	29.388229370117188
19	Union Jack Cocktail	7	-3.726043701171875	28.831207275390625
20	Jocose Julep	0	38.60455322265625	-4.389862060546875
21	Trinity Cocktail	7	-1.5401067733764648	28.076496124267578
22	Three Stripes Cocktail	7	-0.6974462270736694	24.86968231201172
23	Tanq-A-Rita	7	-5.081540107727051	27.197023391723633
24	Amaretto Sour	2	21.43048667907715	-11.904561042785645
25	Tailspin Cocktail	7	-2.0625216960906982	22.769229888916016
26	Sweet Patootie Cocktail	7	-5.132081508636475	26.429908752441406
27	Sunshine Cocktail	7	-2.948550224304199	24.990049362182617
28	Spring Feeling Cocktail	5	-23.572362899780273	-9.020634651184082
29	Sphinx Cocktail	7	-1.0039066076278687	27.5596923828125
30	Jitterbug Sour	9	-24.14734649658203	23.065086364746094
31	Southern Gin Cocktail	9	-27.689434051513672	22.070253372192383
32	Society Cocktail	7	0.7244951725006104	27.236204147338867
33	Snyder	7	-3.2318272590637207	26.975584030151367
34	Smiler Cocktail	7	-1.9450397491455078	23.64683723449707
35	Smile Cocktail	5	-23.192996978759766	-9.498252868652344
36	Amaretto Rose	2	21.271339416503906	-11.76024341583252
37	Sand-Martin Cocktail	7	-0.8981545567512512	29.056697845458984
38	Irish Whiskey Highball	2	17.989181518554688	-9.016544342041016
39	Japanese	4	-15.038073539733887	-23.8879337310791
40	Roselyn Cocktail	7	0.7248764038085938	27.235788345336914
41	Resolute Cocktail	4	-17.025707244873047	-21.072023391723633
42	Racquet Club Cocktail	7	-1.9437031745910645	23.646564483642578
43	Amaretto And Cream	3	3.9918298721313477	-18.556222915649414
44	Pollyanna Cocktai	7	1.9841458797454834	24.859437942504883
45	Plaza Cocktail	7	-1.1040858030319214	27.868602752685547
46	Irish Whiskey Cocktail	9	-28.17105484008789	20.689552307128906
47	Absinthe Special Cocktail	9	-26.95671272277832	22.737363815307617
48	Nineteenth Hole	7	-2.9467663764953613	24.990161895751953
49	Montreal Club Bouncer	7	-4.562314510345459	28.62552261352539
50	Monte Carlo Imperial Highball	0	39.978092193603516	-5.479950904846191
51	Irish Shillelagh	2	23.677000045776367	-10.4258451461792
52	Melon Cocktail	5	-23.957988739013672	-10.151145935058594
53	Martini (Medium)	7	-1.5387520790100098	27.030614852905273
54	Martini (Dry) (5-to-1)	7	-2.062744140625	27.629838943481445
55	Mamie's Sister	8	-11.631590843200684	27.977439880371094
56	Irish Rickey	8	-13.974797248840332	29.60544204711914
57	Maiden's Prayer	5	-24.680511474609375	-8.83609390258789
58	Lone Tree Cocktail	7	-1.6364065408706665	28.073143005371094
59	London Buck	5	-23.824583053588867	-8.455225944519043
60	Leap Frog Highball	5	-23.82453155517578	-8.455286026000977
61	Incider Cocktail	3	1.0428434610366821	-17.52157974243164
62	Kup's Indispensable Cocktail	7	-2.9486916065216064	24.988977432250977
63	Knock-Out Cocktail	0	39.1612434387207	-5.72631311416626
64	K. G. B. Cocktail	4	-17.02507781982422	-21.072534561157227
65	Imperial Fizz	2	21.82659149169922	-9.985368728637695
66	Jeyplak Cocktail	7	-2.0377955436706543	27.76350975036621
67	H. P. W. Cocktail	7	-2.057370901107788	27.59626007080078
68	I.A.P.	3	3.0394763946533203	-15.843866348266602
69	Hotel Plaza Cocktail	7	-2.014784812927246	27.87620735168457
70	Hoffman House Cocktail	7	-1.8881574869155884	27.21283721923828
71	Hawaiin Cocktail	6	6.0713419914245605	22.9379940032959
72	White Russian	3	7.6485209465026855	-19.39932632446289
73	Greyhound	7	-6.303434371948242	30.889911651611328
74	Green Devil	0	39.70974349975586	-6.254401206970215
75	Greenback	0	39.83110427856445	-5.618933200836182
76	Grapefruit Cocktail	7	-6.257818698883057	30.921356201171875
77	Hotel D'alsace	3	-0.18598374724388123	-18.078659057617188
78	Jamaica Granito	4	-12.880236625671387	-23.58039093017578
79	Gin Sling	5	-22.042591094970703	-8.248495101928711
80	Gin Milk Punch	5	-21.10232162475586	-6.721406936645508
81	Horse's Neck (With A Kick)	2	17.38348960876465	-8.2963285446167
82	Gin and It	7	-1.9626113176345825	27.29590606689453
83	Gin Cocktail	7	-3.9744579792022705	25.819047927856445
84	West Side	2	20.198657989501953	-14.463944435119629
85	Gimlet 	5	-20.00160789489746	-6.689929485321045
86	Free Silver	5	-22.352846145629883	-6.34979248046875
87	Frankenjack Cocktail	4	-19.424341201782227	-20.795923233032227
88	Fog Horn	8	-11.456284523010254	27.877702713012695
89	Flying Dutchman	7	-4.855891227722168	27.309001922607422
90	Hoot Mon Cocktail	2	18.827482223510742	-10.120672225952148
91	Fifty-Fifty Cocktail	7	-1.4971885681152344	27.028661727905273
92	Favorite Cocktail	4	-18.152389526367188	-21.355653762817383
93	Farmer's Cocktail	7	-2.947726011276245	24.98984146118164
94	Warsaw Cocktail	4	-12.200726509094238	-21.75124168395996
95	Emerald Isle Cocktail	0	39.795013427734375	-6.358713150024414
96	Du Barry Cocktail	7	-2.9468472003936768	24.98994255065918
97	Dry Martini (5-to-1)	7	-1.8691986799240112	27.97365951538086
98	Dixie Cocktail	7	-0.6978809237480164	24.869962692260742
99	Delmonico No. 2	7	-1.9435971975326538	23.646358489990234
100	Hole-In-One	9	-25.754728317260742	24.066020965576172
101	Vodka Stinger	0	38.41290283203125	-6.957286357879639
102	Caruso	0	39.16123962402344	-5.72631311416626
103	Bulldog Highball	7	-5.664449214935303	25.395465850830078
104	Brown Cocktail	7	-2.270106792449951	26.46377182006836
105	Bronx Terrace Cocktail	7	-2.2867848873138428	28.89733123779297
106	Bronx Cocktail (Dry)	7	-0.6986392140388489	24.869958877563477
107	Hill Dog	3	1.463193655014038	-14.443243980407715
108	Blue Devil Cocktail	5	-24.51958465576172	-10.516663551330566
109	Blue Canary	7	-6.279127597808838	30.962080001831055
110	Blue Bird	9	-28.21649169921875	22.038318634033203
111	Bloodhound Cocktail	7	-1.312345266342163	27.085376739501953
112	Billy Taylor	8	-12.332326889038086	28.092880249023438
113	Bijou Cocktail	7	-2.0620462894439697	22.76894187927246
114	Bermuda Rose 	4	-17.356122970581055	-19.04879379272461
115	Vodka Sour	2	20.111343383789062	-14.500770568847656
116	Apricot Anisette Collins	4	-17.027389526367188	-21.074485778808594
117	Alexander's Sister Cocktail	0	39.383907318115234	-6.102627754211426
118	Highland Cooler	2	21.061447143554688	-12.552179336547852
119	Alexander Cocktail No. 1	7	-5.494667053222656	28.569503784179688
120	Adam and Eve	4	-16.350614547729492	-22.00360107421875
121	Vodka Sling	2	20.444398880004883	-13.658185005187988
122	Jack Rose Cocktail	8	-13.923174858093262	29.290607452392578
123	Tempter Cocktail	4	-14.81347370147705	-19.040403366088867
124	Special Rough Cocktail	4	-10.76282787322998	-20.252649307250977
125	Vodka Grasshopper	0	37.99362564086914	-7.690458297729492
126	Singapore Sling	4	-15.278193473815918	-21.82522201538086
127	Saratoga Cocktail	6	9.627220153808594	20.5241756439209
128	High Cotton	9	-28.046749114990234	23.528854370117188
129	Polonaise	4	-13.403731346130371	-22.36577796936035
130	Vodka Gimlet	8	-13.12743091583252	31.125606536865234
131	Merry Widow Cocktail No. 2	4	-13.173905372619629	-20.195819854736328
132	Lugger	4	-14.736083030700684	-19.082704544067383
133	Jamaica Hop	4	-11.0689058303833	-17.691856384277344
134	Hebrides	9	-27.50963020324707	19.92942237854004
135	Hennessy Martini	2	17.32563018798828	-10.153478622436523
136	Vodka Daisy	2	19.69657325744629	-14.100058555603027
137	Heavenly Dram	2	16.524194717407227	-9.291803359985352
138	Classic Cocktail	4	-14.670737266540527	-25.497037887573242
139	Cherry Sling	4	-14.345121383666992	-21.98672103881836
140	Cherry Fizz	4	-14.642295837402344	-21.943378448486328
141	Vodka Cooler	2	20.760467529296875	-13.224874496459961
142	Carrol Cocktail	4	-11.964941024780273	-20.294401168823242
143	Button Hook Cocktail	0	37.5589485168457	-6.044545650482178
144	Bull's Eye	4	-12.42752742767334	-18.37681007385254
145	Brantini	7	-0.08349678665399551	27.84889793395996
146	Heather's Kiss	2	16.51030731201172	-10.748753547668457
147	Brandy Squirt	4	-14.728216171264648	-16.397653579711914
148	Brandy and Soda	4	-12.334511756896973	-18.868690490722656
149	Brandy Milk Punch	4	-12.392827033996582	-15.320602416992188
150	Vodka Collins	2	20.11133575439453	-14.499746322631836
151	Brandy Crusta Cocktail	4	-14.212611198425293	-24.526702880859375
152	Heather Blush	3	2.429405927658081	-16.485036849975586
153	Jack Maples	9	-29.892377853393555	23.731571197509766
154	Brandy Alexander	4	-11.422734260559082	-17.88656997680664
155	Vodka and Tonic	2	18.298269271850586	-15.322254180908203
156	Apricot Cocktail	4	-17.141437530517578	-21.83547592163086
157	Alexander Cocktail No. 2	4	-11.422524452209473	-17.88654327392578
158	After Dinner Cocktail	4	-15.411863327026367	-19.497474670410156
159	Harvest Moon	9	-30.16421890258789	24.842466354370117
160	Red Raider	2	16.45886993408203	-7.000087738037109
161	Vodka and Apple Juice	3	6.016038417816162	-17.327503204345703
162	Mint Julep (Southern Style)	3	0.5189342498779297	-16.742549896240234
163	Limestone	8	-13.916380882263184	28.775129318237305
164	Grounds For Divorce	3	2.3419878482818604	-15.824914932250977
165	Gentleman's Cocktail	0	37.63044738769531	-5.45281982421875
166	Dixie Julep	3	0.7453386187553406	-16.673873901367188
167	Victory Collins	2	19.62359046936035	-14.651676177978516
168	Buddy's Favorite	3	1.5929200649261475	-17.45403480529785
169	Bourbon On The Rocks	3	1.5928858518600464	-17.45405387878418
170	Bourbon Cobbler	2	13.107229232788086	-7.533105373382568
171	Bourbon and Water	3	1.592822790145874	-17.454071044921875
172	Greenpoint	9	-25.681133270263672	24.159671783447266
173	Yellowjacket	6	8.387932777404785	22.777645111083984
174	Velvet Peach Hammer	2	20.112709045410156	-14.499802589416504
175	Grandfather	9	-28.26993179321289	27.54982566833496
176	Goldrush	2	16.541305541992188	-8.198640823364258
177	Sake Martini	7	-4.562916278839111	28.625144958496094
178	Godfather	3	3.598555088043213	-18.36673355102539
179	Jack-In-The-Box	6	7.406418323516846	23.293964385986328
180	Saronno	4	-11.919209480285645	-18.965805053710938
181	Saronno Colada (Nutty Colada)	6	6.8807454109191895	23.96712875366211
182	Saronno Mist	3	3.598585605621338	-18.366731643676758
183	Saronno Rose	8	-12.849770545959473	28.160470962524414
184	Gilchrist	4	-15.807316780090332	-23.42208480834961
185	Frisco Sour	2	16.49599838256836	-8.145203590393066
186	Fratelli Cocktail	7	-0.0856909528374672	29.491741180419922
187	Francis The Mule	9	-24.584184646606445	20.3429012298584
188	Fox River Cocktail	9	-25.336950302124023	21.716564178466797
189	Flying Scotchman	9	-27.793794631958008	24.858415603637695
190	The Final Ward	2	17.96627426147461	-10.683963775634766
191	Martini 	7	-1.5940650701522827	28.070850372314453
192	Fancy Whiskey	9	-24.132936477661133	21.219749450683594
193	Mandarine Sour	2	17.656017303466797	-10.537720680236816
194	Mandarine Mist	3	2.698423147201538	-15.810144424438477
195	Underneath The Mango Tree	8	-13.043586730957031	31.394161224365234
196	Fancy-Free Cocktail	9	-26.02370262145996	21.397592544555664
197	Honeymoon Cocktail	4	-11.036572456359863	-22.469701766967773
198	Twister	2	18.29865837097168	-15.321955680847168
199	Everybody's Irish Cocktail	0	39.16925048828125	-7.195193290710449
200	Trident	9	-25.051668167114258	26.351211547851562
201	Top Banana	3	7.631995677947998	-15.396173477172852
202	Emperor Norton's Mistress	3	1.304814100265503	-18.803918838500977
203	Easterner	3	6.322692394256592	-11.535598754882812
204	Toasted Drop	2	17.83148765563965	-18.064725875854492
205	Eastern Sour	8	-13.87490177154541	27.756696701049805
206	K. C. B. Cocktail	4	-17.024808883666992	-21.0675106048584
207	Easter Elchies	9	-26.621002197265625	23.47730827331543
208	Dufftown Flip	3	1.9215610027313232	-12.454899787902832
209	Harvard Cooler	4	-9.918477058410645	-22.620391845703125
210	The Duboudreau Cocktail	3	-0.6524944305419922	-17.060503005981445
211	Irish Whisky 	9	-28.657760620117188	20.90349578857422
212	Dubliner	9	-26.667102813720703	24.535785675048828
213	Double Standard Sour	0	39.8795051574707	-4.7854766845703125
214	Dixie Whiskey Cocktail	0	38.658992767333984	-4.497492790222168
215	Hill Billy Highball	3	2.3574771881103516	-15.88007926940918
216	The Titian	8	-11.534261703491211	32.22391891479492
217	Tiger Tanaka	6	7.387407302856445	24.540163040161133
218	Grenadine Rickey	8	-13.949382781982422	29.392404556274414
219	Thyme Collins	2	17.720182418823242	-16.869075775146484
220	Tabby Cat	9	-24.70023536682129	24.133525848388672
221	God Child	3	5.192580223083496	-18.217884063720703
222	Sweet Maria	3	4.881849765777588	-18.589664459228516
223	Dirty Harry	7	1.509978175163269	30.463489532470703
224	Harvard Cocktail	4	-13.906515121459961	-23.788463592529297
225	Gin and Milk Punch	5	-21.10164451599121	-6.722008228302002
226	Surf Rider	2	18.858272552490234	-12.577421188354492
227	Dinah Cocktail	2	20.988590240478516	-10.68360710144043
228	Tea Saronno	3	3.3612961769104004	-19.57818603515625
229	The Summer Of Love	3	8.941959381103516	-16.46175193786621
230	Devil's Soul	3	5.216949939727783	-13.686938285827637
231	Deshler	9	-28.30735969543457	22.829715728759766
232	T.N.T. No. 1	3	2.4761674404144287	-15.143136024475098
233	Stupid Cupid	2	20.72502899169922	-16.04531478881836
234	Derby	9	-24.661453247070312	21.88828468322754
235	Stockholm 75	2	19.653024673461914	-16.685726165771484
236	The Delmarva Cocktail	0	38.81178665161133	-5.521949291229248
237	Sputnik	3	7.42740535736084	-16.12165641784668
238	Gotham	4	-14.804794311523438	-23.74464988708496
239	De La Louisiane	9	-28.03803253173828	27.332130432128906
240	The Debonair	2	17.745807647705078	-9.0007905960083
241	Soviet	2	18.229793548583984	-12.913495063781738
242	Daisy Dueller	2	22.030630111694336	-11.953411102294922
243	Sonic Blaster	6	9.97871208190918	24.150808334350586
244	Creole Lady	3	0.8442793488502502	-18.358705520629883
245	Rum Coooler	1	28.949148178100586	-0.8915174007415771
246	Siberian Sleighride	0	37.99343490600586	-7.690366268157959
247	Cotton Club Flip	8	-14.921143531799316	26.624086380004883
248	Golden Dawn	4	-17.83636474609375	-19.049772262573242
249	Sidecar	2	16.18946647644043	-12.697256088256836
250	Shalom	2	16.845239639282227	-13.027894020080566
251	Commodore Cocktail	2	15.507508277893066	-7.620169162750244
252	Sea Breeze	8	-12.674784660339355	32.94083023071289
253	Screwdriver	3	7.388089656829834	-15.762401580810547
254	Coffee Old-Fashioned	9	-26.295337677001953	20.59571075439453
255	Dry Martini	7	-1.1162281036376953	27.257347106933594
256	Salty Dog	2	15.52771282196045	-16.703615188598633
257	Dr. Cook	5	-23.39386558532715	-10.836726188659668
258	Dillatini Cocktail	7	-1.0210227966308594	27.492843627929688
259	Chi-Town Flip	2	21.032474517822266	-10.551616668701172
260	Chef's Pain	8	-13.916287422180176	28.77509880065918
261	Sampan Shipwreck A	6	7.4369378089904785	25.284439086914062
262	Chas	3	1.661217451095581	-19.939193725585938
263	Goat's Delight	4	-9.055819511413574	-18.334697723388672
264	Russian Bear Cocktail	3	5.81279993057251	-19.390209197998047
265	Character Development	9	-25.317033767700195	27.86505889892578
266	Ruby Red	3	8.163567543029785	-13.546609878540039
267	Chaplin	9	-25.107086181640625	20.82135772705078
268	Rouxby Red	2	15.474468231201172	-16.695297241210938
269	Rosemary Clementine Sparkle	2	14.840479850769043	-14.908163070678711
270	Chapel Hill	2	16.907808303833008	-6.586256980895996
271	Robin's Nest	3	5.995591163635254	-19.6075382232666
272	Chancellor Cocktail	9	-27.48794174194336	25.46812629699707
273	Cafe di Saronno	3	3.554415225982666	-19.10188102722168
274	Carre Reprise	9	-27.666173934936523	26.054044723510742
275	Gilroy Cocktail	9	-25.72287940979004	24.62824058532715
276	Redhead Martini	2	20.556495666503906	-15.971209526062012
277	Red Apple	2	18.23573875427246	-13.58178424835205
278	Canal Street Daisy	2	18.15707015991211	-11.17647647857666
279	Canadian Cocktail	9	-29.127037048339844	22.296913146972656
280	Purple Ruby	8	-12.61603832244873	33.09687805175781
281	Canadian Cherry	2	18.465579986572266	-11.202959060668945
282	Orange Smile	3	3.8708384037017822	-12.783085823059082
283	Purple Passion Iced Tea	2	22.546220779418945	-14.62270736694336
284	Canadian Breeze	6	10.052837371826172	21.02730369567871
285	Purple Passion	3	7.667861461639404	-12.120625495910645
286	Cameron's Kick Cocktail	9	-25.30294418334961	23.215675354003906
287	Georgia Mint Julep	4	-11.61257266998291	-18.85736083984375
288	California Lemonade	2	24.403209686279297	-11.720308303833008
289	Boston Side Car 	1	32.04601287841797	-3.7755181789398193
290	Cablegram	2	20.435514450073242	-10.471344947814941
291	Bull And Bear	2	15.626391410827637	-6.761642932891846
292	Brooklyn	7	1.2982149124145508	30.590078353881836
293	Brighton Punch	4	-12.8588228225708	-22.761520385742188
294	Bourbon Renewal	9	-24.07750129699707	21.337432861328125
295	Bourbon Highball	2	17.384492874145508	-8.296100616455078
296	Bourbon And Elder	9	-24.531238555908203	21.776874542236328
297	Bourbon Crusta	9	-25.607694625854492	20.515270233154297
298	Bourbon Cooler	2	13.1076021194458	-7.532058238983154
299	Froupe Cocktail	4	-11.964104652404785	-20.29372215270996
300	Bourbon A La Creme	3	1.865286946296692	-18.524066925048828
301	The Bone	8	-13.860686302185059	28.383655548095703
302	Bobby Burns Cocktail	2	18.825706481933594	-10.121744155883789
303	Bloody Scotsman	8	-14.04532241821289	30.27800750732422
304	White Cargo Cocktail	7	-6.772780895233154	27.762649536132812
305	Blood and Sand	4	-12.631078720092773	-20.698375701904297
306	The Blinker	3	5.987977981567383	-11.081538200378418
307	Pike's Peak Cooler	5	-19.09328269958496	-11.001197814941406
308	Blarney Stone Cocktail	9	-27.917695999145508	20.727317810058594
309	Pacman	9	-24.31903648376465	22.758745193481445
310	Lemonade (Golden)	5	-18.878847122192383	-10.312712669372559
311	Black Hawk	7	-3.9753708839416504	29.769512176513672
312	Lemonade (Egg)	5	-18.878982543945312	-10.312810897827148
313	Bensonhurst	7	1.5132039785385132	30.457918167114258
314	Chocolate Daisy	4	-15.193161964416504	-15.849191665649414
315	The Beautiful Day	3	0.46387434005737305	-13.461248397827148
316	French Quarter	4	-13.88427734375	-22.616796493530273
317	Creme de Gin Cocktail	0	40.47465896606445	-5.590729713439941
318	Creamy Screwdriver	3	6.803264141082764	-15.268540382385254
319	Creamy Orange	4	-12.957926750183105	-21.598968505859375
320	Creamsicle	3	5.964015960693359	-14.402137756347656
321	Cowboy Cocktail	3	2.6980111598968506	-15.810291290283203
322	Beals Cocktail	7	0.6286580562591553	29.42391586303711
323	Coronation Cocktail	7	-1.6769779920578003	30.19574737548828
324	Cornell Cocktail	5	-23.394184112548828	-10.836675643920898
325	Combo	9	-29.247791290283203	26.08321762084961
326	Basin Street	2	16.834224700927734	-7.059635639190674
327	Cole's Raspberry Cream	3	5.9629130363464355	-20.391969680786133
328	Cognac Coupling	2	17.324623107910156	-10.153450965881348
329	Coffee Sour	4	-14.698265075683594	-14.23576831817627
330	Coffee Flip	4	-13.650734901428223	-15.114767074584961
331	Coffee Cocktail	4	-13.650697708129883	-15.11474895477295
332	Purple Mask	3	6.038776874542236	-19.543315887451172
333	Clove Cocktail	7	-1.0900862216949463	27.84419822692871
334	Clover Leaf Cocktail	5	-22.147106170654297	-12.562603950500488
335	Clover Club Cocktail	5	-22.03687286376953	-11.059755325317383
336	Priority Cocktail	2	17.027786254882812	-14.431324005126953
337	Clamato Cocktail	3	6.525604248046875	-17.031482696533203
338	Cider Eggnog	5	-17.048381805419922	-9.300230026245117
339	Chocolate Soldier	7	-4.178221225738525	31.41025733947754
340	Chocolate Flip	5	-20.074731826782227	-11.21363353729248
341	Chocolate Cocktail	5	-17.36219596862793	-9.876686096191406
342	Chicago Fizz	5	-18.095157623291016	-11.016683578491211
343	Pretty In Pink	2	17.718875885009766	-14.581107139587402
344	Cherry Wine Cocktail	8	-12.589518547058105	30.569761276245117
345	Cherry Flip	4	-13.215706825256348	-15.191375732421875
346	Cherry Cooler	3	9.156681060791016	-18.692338943481445
347	Polynesian Cocktail	8	-11.974003791809082	30.85443878173828
348	Chateau Briand's Rum Cow	1	28.92369842529297	-7.01734733581543
349	Champagne Velvet	3	4.290310382843018	-15.365572929382324
350	Pink Pussycat	6	8.94456672668457	24.92689323425293
351	Back Porch Swizzle	6	5.900524139404297	24.5584659576416
352	Canadian Pineapple	6	9.854966163635254	21.071834564208984
353	Calm Voyage	2	21.466543197631836	-5.882327079772949
354	Pink Lemonade	2	20.23036766052246	-17.716150283813477
355	Caledonia	4	-11.752826690673828	-16.619426727294922
356	Caf_ di Amaretto 	3	3.4619967937469482	-19.472562789916992
357	Cafe De Paris Cocktail	5	-21.71666145324707	-11.743627548217773
358	Aztec's Mark	3	2.152763605117798	-18.218517303466797
359	Fontainebleau Special	4	-11.964481353759766	-20.29385757446289
360	Suntan	3	6.271050930023193	-13.545072555541992
361	Sunburn	3	6.428645610809326	-11.574790954589844
362	Suissesse Cocktail	3	2.7454047203063965	-13.839947700500488
363	Strawberry Sunries	3	2.3759875297546387	-16.758188247680664
364	Autumn Leaves	9	-29.246036529541016	25.112462997436523
365	Pickled Pink	9	-25.11792755126953	26.031919479370117
366	Aquarius	4	-13.507562637329102	-20.218717575073242
367	Soul Kiss Cocktail	7	-0.16825589537620544	31.36838150024414
368	Pickled Martini	3	6.813910961151123	-18.2755126953125
369	Sloe Gin Flip	5	-19.520294189453125	-8.911096572875977
370	Angel's Share	9	-25.941917419433594	21.6058406829834
371	Silver Stallion Fizz	7	-6.84584379196167	27.73563575744629
372	Silver King Cocktail	5	-21.5727596282959	-9.262216567993164
373	American Trilogy	3	-0.9184347987174988	-14.863654136657715
374	Silver Fizz	5	-20.651140213012695	-9.539935111999512
375	Sherry Twist Cocktail	4	-11.946475982666016	-22.478696823120117
376	Sherry Sangaree	3	0.31753799319267273	-14.786749839782715
377	Sherry Milk Punch	3	0.6059613227844238	-14.784443855285645
378	Petit Zinc	3	8.488516807556152	-15.936793327331543
379	Sherry Flip	5	-17.34811019897461	-9.884564399719238
380	Sherry-and-Egg Cocktail	3	1.462287187576294	-14.4434232711792
381	Americana	9	-28.331012725830078	23.45627212524414
382	Allegheny	4	-12.513786315917969	-22.221921920776367
383	Sevilla Cocktail	5	-17.43817901611328	-10.496162414550781
384	September Morn Cocktail	1	30.576627731323242	-3.414407730102539
385	Peach Iced Tea	2	15.376419067382812	-14.173364639282227
386	Fantasio Cocktail	0	37.938072204589844	-5.521521091461182
387	Scotch Bird Flyer	5	-18.14788055419922	-9.058135032653809
388	Algonquin	6	7.101566791534424	23.565731048583984
389	Savannah	5	-22.973079681396484	-12.352435111999512
390	Pink Rose Fizz	5	-20.65120506286621	-9.54001235961914
391	Ninotchka Cocktail	2	17.33411407470703	-13.649806022644043
392	Prairie Oyster	4	-10.002618789672852	-15.821535110473633
393	Prairie Chicken	5	-20.927173614501953	-13.244665145874023
394	Pousse L'Amour	4	-12.842581748962402	-16.644817352294922
395	Puerto Apple	1	29.986116409301758	-2.502006769180298
396	Akogare	2	18.096311569213867	-8.862914085388184
397	Prado	2	13.481230735778809	-10.179603576660156
398	Port Wine Flip	5	-17.770721435546875	-9.634764671325684
399	Port Wine Cobbler	3	0.4877563416957855	-15.353312492370605
400	Nijinksy Blini	2	17.730131149291992	-14.310345649719238
401	Affinity Cocktail (whisky)	9	-26.66728401184082	24.535301208496094
402	Plain Vermouth Cocktail	9	-26.667430877685547	24.535295486450195
403	Ping-Pong Cocktail	5	-22.29277992248535	-10.453082084655762
404	Moscow Mule	8	-12.921137809753418	30.570552825927734
405	Phoebe Snow	4	-10.640165328979492	-19.059032440185547
406	Affinity Cocktail	9	-25.44671058654785	22.687137603759766
407	Peggy Cocktail	7	-1.6768821477890015	30.195974349975586
408	Peach Blow Fizz	5	-22.043031692504883	-8.249775886535645
409	Peach Blossom	5	-22.042945861816406	-8.25013542175293
410	Passion Mimosa	3	4.3860979080200195	-14.843825340270996
411	Mocha Express	3	7.473884105682373	-18.900535583496094
412	Palmer Cocktail	9	-24.760356903076172	22.89092445373535
413	Mr. 404	2	20.559370040893555	-13.603893280029297
414	Mountain Cocktail	2	19.02547264099121	-10.03770637512207
415	Morning Glory Fizz	5	-18.87905502319336	-10.3134765625
416	Adderly Cocktail	9	-25.447322845458984	22.686079025268555
417	Fancy Brandy	9	-29.245996475219727	22.498828887939453
418	Montreal Gin Sour	5	-20.651046752929688	-9.539984703063965
419	Montezuma	3	3.076824188232422	-13.96822452545166
420	Miss Jones	2	16.441574096679688	-14.843174934387207
421	Mint Gin Cocktail	7	-0.3034173548221588	26.877695083618164
422	Mint Collins	5	-23.580659866333008	-9.02275276184082
423	Million-Dollar Cocktail	7	2.0572218894958496	25.341960906982422
424	Millionaire Cocktail	3	2.998469829559326	-12.881016731262207
425	Academic Review	9	-29.462997436523438	23.835817337036133
426	Milk Punch	3	-0.05548592284321785	-15.63992977142334
427	Merry Widow Fizz	5	-21.408811569213867	-9.200840950012207
428	May Blossom Fizz	2	15.134139060974121	-9.254997253417969
429	Mary Garden Cocktail	7	-0.32328277826309204	30.726455688476562
430	19th Century	2	15.467022895812988	-7.739169120788574
431	Manila Fizz	5	-18.941856384277344	-7.492652416229248
432	1626	9	-30.347063064575195	26.03940200805664
433	Maracuya Mosquito	8	-12.180691719055176	32.189971923828125
434	Madras	8	-12.032036781311035	30.349515914916992
435	Absinthe Cocktail	9	-26.799083709716797	22.822668075561523
436	Lychee Lucy	6	7.9756340980529785	24.379859924316406
437	Vodka Martini	3	6.744952201843262	-18.114986419677734
438	The Loop	9	-24.443344116210938	26.560110092163086
439	Long Island Iced Tea	1	28.909873962402344	-8.679338455200195
440	Fallen Leaves	4	-11.96476936340332	-20.294008255004883
441	L'italienne	9	-24.856678009033203	25.187108993530273
442	Rum Dubonnet	2	20.441307067871094	-8.161800384521484
443	Ruby Fizz	5	-20.936595916748047	-10.451030731201172
444	Limoncello Manzanilla Marmalade Sour	2	15.829395294189453	-17.29837417602539
445	Royal Purple Punch	2	18.20443344116211	-8.363411903381348
446	Royal Gin Fizz	5	-20.651350021362305	-9.53989028930664
447	Royal Cocktail	5	-20.6524600982666	-9.536405563354492
448	Royal Clover Club Cocktail	5	-22.147274017333984	-12.562592506408691
449	Lights On The Plaza	2	20.877466201782227	-14.721034049987793
450	Rococo	3	8.587997436523438	-15.609114646911621
451	Rock & Rye Cooler	2	18.298030853271484	-15.322367668151855
452	Rock & Rye Cocktail	7	0.6286109089851379	29.423904418945312
453	Le Paradini	3	5.57822847366333	-16.42547607421875
454	Red Swizzle	5	-19.65781021118164	-5.995006084442139
455	Lemon Drop	2	19.88644027709961	-15.179656028747559
456	Rebel Charge 	2	16.989192962646484	-6.241548538208008
457	Rattlesnake Cocktail	5	-18.879806518554688	-10.312028884887695
458	Ramos Fizz	5	-19.96735191345215	-9.204018592834473
459	San Francisco	7	-1.944944977760315	23.646732330322266
460	Sand-Martini Cocktail	7	-0.8974287509918213	29.05620574951172
461	Sake Martini (Sakini)	7	-4.562405109405518	28.62542152404785
462	Lemon Crush	2	18.02817726135254	-17.754114151000977
463	Rye Whiskey Cocktail	9	-27.558870315551758	23.9461612701416
464	Leaves Of Grass	9	-27.199920654296875	21.66745376586914
465	Widow's Dream	3	2.7466280460357666	-13.840641975402832
466	Whiskey Flip	5	-17.771522521972656	-9.634599685668945
467	L.A. Sunrise	6	11.002420425415039	22.449155807495117
468	White Rose Cocktail	5	-23.513431549072266	-12.140898704528809
469	White Plush	3	-0.05594109371304512	-15.639925003051758
470	White Elephant	7	-0.20993541181087494	26.422273635864258
471	Whiskey Toddy (cold)	3	0.7514998316764832	-15.675395011901855
472	Kretchma Cocktail	2	17.447635650634766	-13.380375862121582
473	Whiskey Skin	2	17.473976135253906	-11.383737564086914
474	Whiskey Milk Punch	3	0.7508413791656494	-15.675765991210938
475	Katana	8	-13.403094291687012	31.30965232849121
476	Ethel Duffy Cocktail	0	37.277381896972656	-5.960994720458984
477	Daiquiri	1	28.42786979675293	-4.56630802154541
478	Wembley Cocktail	4	-18.56393814086914	-20.055519104003906
479	Weep-No-More Cocktail	4	-10.236860275268555	-18.697805404663086
480	Jungle Juice	6	12.020772933959961	22.46443748474121
481	Wedding Belle Cocktail	4	-14.135445594787598	-21.154869079589844
482	Waterloo	1	30.196048736572266	-5.737433433532715
483	Waterbury Cocktail	4	-15.146148681640625	-15.272953033447266
484	Washington Cocktail	9	-28.991933822631836	25.963214874267578
485	The Jamaican Ten Speed	1	31.904966354370117	-7.8973002433776855
486	Twin Six Cocktail	7	0.6958017945289612	25.090564727783203
487	Jackie-O	2	19.427865982055664	-18.294937133789062
488	Tropical Heart	3	5.1230058670043945	-11.922530174255371
489	Trois Rivieres	3	-1.0745604038238525	-17.917922973632812
490	Tovarich Cocktail	8	-12.781859397888184	30.430145263671875
491	Italian Screwdriver	8	-12.401362419128418	33.56427764892578
492	T.N.T. Cocktail No. 2	3	3.2395570278167725	-14.941006660461426
493	T.N.T. Cocktail No. 1	3	2.6987357139587402	-15.810526847839355
494	Ibiza	3	8.199963569641113	-12.983504295349121
495	Thunder	4	-13.154461860656738	-14.411375045776367
496	Huntsman Cocktail	1	28.393733978271484	-4.7043914794921875
497	Tequila Fizz	2	13.602045059204102	-10.200963973999023
498	Humpty Dumpty	9	-24.830598831176758	25.128602981567383
499	Tequila Cocktail	2	13.60216999053955	-10.200322151184082
500	Temptation Cocktail	3	-0.929470419883728	-17.82682228088379
501	Tchoupitolas Street Guzzle	1	29.509449005126953	-1.272186517715454
502	Tahitian Tea	3	7.600919723510742	-14.471449851989746
503	Limey 	1	31.219324111938477	-4.503674507141113
504	Headless Horseman	9	-25.10128402709961	26.00831413269043
505	Love Cocktail	5	-22.350860595703125	-10.403477668762207
506	Los Angeles Cocktail	5	-18.574583053588867	-11.20792293548584
507	Long Island Tea	2	23.14930534362793	-14.771722793579102
508	Harvey Wallbanger	3	7.387816905975342	-15.762935638427734
509	Lime Giant	2	18.295921325683594	-15.322603225708008
510	Lil Naue	4	-13.809690475463867	-15.447957038879395
511	Harrington	3	7.348228931427002	-17.241676330566406
512	El Profesor	9	-24.760906219482422	22.890344619750977
513	Leap Year Cocktail	7	-0.23172912001609802	23.99187660217285
514	Lasky Cocktail	7	-5.685298919677734	29.827539443969727
515	Lady Love Fizz	5	-20.65131187438965	-9.540139198303223
516	Handball Cooler	3	7.387669563293457	-15.761943817138672
517	Hyatt's Jamaican Banana	1	32.173763275146484	-7.528942108154297
518	H.P.W. Cocktail	7	-1.0971919298171997	27.857555389404297
519	Hot Shot Margarita	8	-16.613258361816406	29.869043350219727
520	The Groupie	2	18.282896041870117	-17.21013641357422
521	Hot Brandy Flip	4	-13.650659561157227	-15.114645004272461
522	Grape Nehi	2	18.18052864074707	-14.284284591674805
523	Hole-in-One Cocktai	9	-25.754104614257812	24.066312789916992
524	Grapefruit Gimlet Royale	8	-12.827150344848633	32.78993225097656
525	Hair Raiser	2	17.729671478271484	-14.309309959411621
526	Godmother	3	5.192100524902344	-18.2179012298584
527	Green Opal	7	-4.562321662902832	28.625499725341797
528	Green Hornet (Dry)	2	18.398296356201172	-15.937355995178223
529	Green Fizz	5	-20.381866455078125	-8.458695411682129
530	Godchild	3	5.191967010498047	-18.217905044555664
531	Grape Vodka Froth	2	16.717191696166992	-15.727191925048828
532	Grapefruit Nog	4	-16.14124870300293	-16.728374481201172
533	Golden Slipper	4	-15.159835815429688	-18.789518356323242
534	Golden Freindship	1	30.392833709716797	-7.210958480834961
535	Golden Frappe	2	17.742961883544922	-11.505372047424316
536	Glass Tower	1	32.12471389770508	-4.744807243347168
537	Golden Fizz	5	-20.651025772094727	-9.539933204650879
538	Gloom Lifter	4	-14.732086181640625	-14.221202850341797
539	Glogg	3	0.7673537731170654	-12.500916481018066
540	Georgia Peach	3	6.0768208503723145	-17.790517807006836
541	Georgia Mule	2	16.232046127319336	-13.789034843444824
542	Gentle Ben	3	8.599227905273438	-14.595048904418945
543	East India Cocktail No. 1	6	10.114455223083496	20.38361930847168
544	General Harrison's Eggnog	5	-17.573190689086914	-9.42928695678711
545	Gables Collins	6	8.1387357711792	23.39811134338379
546	Frozen Brandy and Rum	4	-15.050614356994629	-14.188690185546875
547	Frozen Apple	5	-17.53353500366211	-8.464277267456055
548	Frisky Witch	3	6.460545539855957	-17.572595596313477
549	Froth Blower Cocktail	5	-21.936248779296875	-12.149738311767578
550	French Martini	6	7.879420757293701	23.862199783325195
551	Flatiron Martini	3	8.615148544311523	-15.913241386413574
552	Favourite Cocktail	4	-18.149625778198242	-21.35713768005371
553	Electric Jam	2	19.469892501831055	-15.553988456726074
554	Fairy Belle Cocktail	4	-17.40591049194336	-18.72368049621582
555	Duke Cocktail	2	17.197423934936523	-5.626733779907227
556	Dreamy Dorini Smoking Martini	3	6.461280822753906	-17.57265281677246
557	Dubonnet Highball	3	-1.196179986000061	-16.399715423583984
558	Dubonnet Fizz	4	-13.946086883544922	-21.846792221069336
559	Dubonnet Cocktail	9	-27.33535385131836	22.52525520324707
560	Doctor Cook	5	-23.394466400146484	-10.83640193939209
561	Desert Sunrise	6	8.360725402832031	24.37251853942871
562	Dillatini	7	-1.2910648584365845	28.033153533935547
563	Devil's Cocktail	2	18.826364517211914	-10.121166229248047
564	Derby Fizz	5	-18.774194717407227	-9.594727516174316
565	Cubeltini	8	-13.577642440795898	31.405405044555664
566	Crocodile Cooler	6	11.356206893920898	20.72213363647461
567	Cosmopolitan	8	-12.004220008850098	30.110095977783203
568	Dream Cocktail	4	-12.924065589904785	-19.041595458984375
569	Jean Lafitte Cocktail	5	-19.128986358642578	-8.517736434936523
570	Japanese Fizz	5	-18.880558013916016	-10.311307907104492
571	Citronella Cooler	2	19.708898544311523	-17.71292495727539
572	North Pole Cocktail	5	-23.394521713256836	-10.83629322052002
573	The Cinquecento	9	-25.227413177490234	27.406055450439453
574	New Orleans Gin Fizz	5	-20.430355072021484	-8.656628608703613
575	Napoleon	7	-3.187364339828491	31.385147094726562
576	Zombie	6	8.613341331481934	20.28282928466797
577	Kiss the Boys Goodbye	5	-22.19790267944336	-10.664960861206055
578	X.Y.Z. Cocktail	2	19.969030380249023	-7.471624851226807
579	K.G.B. Cocktail	4	-17.025766372680664	-21.06882667541504
580	Eye-Opener	1	32.77944564819336	-5.494128227233887
581	Wiki Waki Woo	6	12.058241844177246	22.993371963500977
582	Elk's Own Cocktail	5	-18.881656646728516	-10.310523986816406
583	Eggnog Supreme	5	-16.467111587524414	-9.145788192749023
584	Egg Sour	4	-14.977627754211426	-14.556892395019531
585	White Lion Cocktail	2	22.80354118347168	-8.9718599319458
586	White Lily Cocktail	1	31.5082950592041	-5.833441257476807
587	Ice Cream Flip	3	2.6977217197418213	-12.949258804321289
588	Outrigger	6	7.575356483459473	22.824419021606445
589	Opera Cocktail	7	-3.7543303966522217	30.59639549255371
590	Virginia Dare	9	-28.262357711791992	24.396005630493164
591	Opening Cocktail	7	1.4421589374542236	28.386882781982422
592	Queen Bee	8	-11.094245910644531	30.713844299316406
593	Van Vleet	2	20.43964195251465	-8.172618865966797
594	Zaza Cocktail	7	-3.641498327255249	30.73464584350586
595	The Vacation Cocktail	1	28.098243713378906	-1.374313235282898
596	Dolores	4	-11.650863647460938	-16.39950942993164
597	Vesuvio	5	-18.117412567138672	-11.472023010253906
598	Urban Anxiety	9	-26.19601821899414	27.665817260742188
599	Virgin	0	39.53311538696289	-6.174916744232178
600	Tropica Cocktail	6	9.263896942138672	24.766448974609375
601	Vermouth Cassis	7	0.7798567414283752	29.11419677734375
602	Verboten	5	-23.886220932006836	-7.489995002746582
603	Velvet Hammer No. 2	3	3.261361837387085	-17.079524993896484
604	Velvet Hammer No. 1	3	5.964972972869873	-19.414472579956055
605	Ulanda Cocktail	7	-4.855343341827393	27.30862045288086
606	Torridora Cocktail	4	-8.153122901916504	-20.679527282714844
607	Boston Sour	5	-18.88054847717285	-10.311433792114258
608	Three Miller Cocktail	1	27.297500610351562	-4.065640449523926
609	Bird-of-Paradise Fizz	5	-20.937213897705078	-10.449644088745117
610	Biffy Cocktail	5	-23.733537673950195	-9.099588394165039
611	Between-The-Sheets Cocktail	4	-12.018888473510742	-24.121864318847656
612	Third-Rail Cocktail	4	-10.444817543029785	-20.958881378173828
613	Bentley	4	-10.346851348876953	-19.731422424316406
614	Tahiti Club	6	9.700872421264648	21.860937118530273
615	Barton Special	7	-4.0230255126953125	28.244346618652344
616	Barnaby's Buffalo Blizzard	3	5.304512023925781	-20.138797760009766
617	Susie Taylor	1	29.183183670043945	-2.232795476913452
618	Baltimore Bracer	4	-12.811578750610352	-16.675342559814453
619	Bachelor's Bait Cocktail	9	-26.9166259765625	22.00353240966797
620	Bushranger	9	-28.225692749023438	23.921829223632812
621	Sunset at Gowanus	1	31.83136558532715	-2.006664276123047
622	Bulldog Highballl	7	-5.466485500335693	25.855249404907227
623	Bucks Fizz (Mimosa)	3	5.155763626098633	-14.766427040100098
624	Buckjones	1	29.777236938476562	-4.063939571380615
625	Stormy Colada	6	8.989603996276855	23.5931339263916
626	Bronx SIlver Cocktail	7	0.30285799503326416	24.9796199798584
627	Bronx Golden Cocktail	7	-0.696094274520874	24.86895751953125
628	Stone Wall	1	30.131683349609375	-0.8696199059486389
629	Depth Bomb	4	-10.53178882598877	-23.136621475219727
630	Stone Cocktail	1	30.526336669921875	-6.792041778564453
631	Almeria	1	29.870878219604492	-6.151361465454102
632	Aunt Jemima	4	-11.422897338867188	-17.886722564697266
633	Spanish Town Cocktail	1	31.2896671295166	-5.700380802154541
634	Apricot Lady	1	32.718143463134766	-3.179077386856079
635	Apricot Anise Collins	4	-17.02482032775879	-21.068992614746094
636	Apple Rum Rickey	1	29.89192008972168	-2.806286096572876
637	Sloppy Joe's Cocktail No. 1	1	31.16749382019043	-4.035499572753906
638	Applejack Punch	3	3.88590145111084	-12.644143104553223
639	Brandy Flip	4	-13.650800704956055	-15.114736557006836
640	Sir Walter Cocktail	4	-11.935596466064453	-24.573383331298828
641	Saxon Cocktail	1	30.33551597595215	-3.460869789123535
642	Boston Bullet	7	-1.5347129106521606	27.031064987182617
643	Sargasso	9	-26.448667526245117	23.306514739990234
644	Santiago Cocktail	1	28.813505172729492	-4.229759216308594
645	Black Velvet	3	4.290231227874756	-15.365607261657715
646	Saint Lucy Bracer	9	-27.88656234741211	25.334745407104492
647	Applecar	2	18.576416015625	-7.099876880645752
648	Apple Blow Fizz	4	-14.779128074645996	-14.437911033630371
649	Antoine Special	7	-0.3237634003162384	30.72873878479004
650	Ante	4	-10.041367530822754	-19.985397338867188
651	S & V	1	30.081466674804688	-4.705193042755127
652	Rum Toddy (Cold)	1	28.488170623779297	-6.156711578369141
653	Deauville Cocktail	4	-11.14234733581543	-22.404272079467773
654	Allies Cocktail	7	-1.8981214761734009	27.21828842163086
655	Rum Swizzle	1	27.86507225036621	-4.1034674644470215
656	A. J.	3	6.131940841674805	-11.66855239868164
657	After Supper Cocktail	4	-15.763792037963867	-20.52518653869629
658	Rum Sour	2	22.100170135498047	-9.694355964660645
659	Acapulco	1	32.5844841003418	-4.958141326904297
660	Absinthe Drip Cocktail	3	0.7533130049705505	-15.675175666809082
661	Ambrosia	4	-9.83427619934082	-20.61027717590332
662	Rum Screwdriver	1	30.19614601135254	-5.737380504608154
663	Rum Rickey	1	29.738182067871094	-3.6549644470214844
664	Scotch Cocktail	0	38.61663055419922	-6.473348617553711
665	Rum Relaxer	6	10.917698860168457	22.855695724487305
666	Rum Old-Fashioned	2	22.77379035949707	-9.315418243408203
667	Rum Martini	2	19.9027099609375	-9.009557723999023
668	Rum Highball	2	19.315383911132812	-8.384737968444824
669	Rum Fix	1	27.520490646362305	-5.052513599395752
670	Rum Daisy	2	22.474040985107422	-8.600420951843262
671	D'artagnan	3	5.220475673675537	-14.758888244628906
672	Rum Cooler	2	22.04944610595703	-9.732034683227539
673	Rum Collins	1	25.919919967651367	-5.380411624908447
674	Seaboabd	5	-22.0435791015625	-8.248712539672852
675	Rum Cobbler	1	28.58690643310547	-5.975241184234619
676	Robson Cocktail	2	21.384029388427734	-8.157981872558594
677	Rio Fix	6	8.876607894897461	21.331348419189453
678	Ringo Starr	2	20.51177215576172	-9.352365493774414
679	Restless Native	1	29.57141876220703	-3.00297212600708
680	Quarter Deck Cocktail	1	29.777050018310547	-4.063934803009033
681	Quaker's Cocktail	4	-11.727239608764648	-23.989604949951172
682	Puerto Rican Rum Daisy	9	-23.42658805847168	22.819272994995117
683	Cuban Cocktail No. 2	1	32.25278854370117	-2.6465163230895996
684	Prohibition Punch	2	21.438627243041992	-5.8016486167907715
685	Prairie Oyster Cocktail	4	-10.031655311584473	-15.540960311889648
686	Poker Cocktail	1	30.511302947998047	-6.674297332763672
687	Planter's Punch No. 2	6	11.53724479675293	21.612695693969727
688	Planter's Punch No. 1	6	11.317000389099121	21.897544860839844
689	Planter's Cocktail	2	22.09937286376953	-9.694178581237793
690	Pink Paradise	6	11.436845779418945	23.45061492919922
691	Pink Creole	1	30.78106689453125	-2.67938494682312
692	Pineapple Fizz	6	9.2230806350708	23.20737075805664
693	Pineapple Cocktail	6	9.028282165527344	22.77894401550293
694	Pearl Button	6	10.467900276184082	22.121734619140625
695	The Crux	4	-12.947527885437012	-23.42230224609375
696	Paris When It Sizzles	1	28.617229461669922	-3.154397487640381
697	Palmetto Cocktail	9	-27.795860290527344	25.27471923828125
698	Paddington	2	21.878890991210938	-7.253050327301025
699	The Old Cuban	1	27.65068817138672	-3.9693257808685303
700	Oh, Gosh!	1	31.219491958618164	-4.503535747528076
701	Night Cap	1	28.476482391357422	-6.330005168914795
702	New Orleans Buck	2	21.201337814331055	-8.373270988464355
703	Nevada Cocktail	1	26.783971786499023	-2.836373805999756
704	Moonquake Shake	4	-11.556727409362793	-23.885156631469727
705	Monkey Wrench	1	27.297813415527344	-2.305936813354492
706	Creme De Cafe	4	-8.153429985046387	-20.6789493560791
707	Margarita	8	-17.442476272583008	30.016115188598633
708	Mojito	1	28.185436248779297	-4.376309394836426
709	Champagne Flamingo	3	5.639064788818359	-16.513097763061523
710	Thunder and Lightning Cocktail	4	-13.650612831115723	-15.114633560180664
711	Casco Bay Lemonade	2	20.093881607055664	-17.616159439086914
712	Caribbean Cruise	6	11.007698059082031	23.26041603088379
713	Cappuccino Cocktail	8	-11.00411605834961	30.690235137939453
714	Cape Codder	8	-11.351198196411133	30.5748233795166
715	Baltimore Bracer Cocktail	4	-12.810547828674316	-16.675512313842773
716	Caesar	2	13.765069961547852	-13.138518333435059
717	Bull Shot	3	8.143776893615723	-17.85757064819336
718	Bullfrog	2	18.297027587890625	-15.3224515914917
719	Boston Gold	3	7.630066871643066	-15.396113395690918
720	Corpse Reviver No. 1	4	-11.102088928222656	-20.82839012145996
721	Thanksgiving Special Cocktail	4	-18.149545669555664	-21.354286193847656
722	Tequini Cocktail	9	-26.9394474029541	26.25208282470703
723	Bordeaux Cocktail	2	18.08878517150879	-16.7113037109375
724	Bolshoi Punch	2	21.838031768798828	-14.069084167480469
725	Blue Lagoon	2	21.600309371948242	-15.27782917022705
726	Stinger Cocktail	0	37.97628402709961	-6.090860843658447
727	Bloody Mary	8	-12.748628616333008	29.624778747558594
728	Spritzer Highball	3	1.6689447164535522	-15.678361892700195
729	Bloody Bull	3	6.507746696472168	-17.1823673248291
730	The Blood Orange	3	7.387924671173096	-15.76204776763916
731	Black Russian	3	7.280172348022461	-18.70095443725586
732	Black Magic	2	17.027315139770508	-14.43191909790039
733	Black Cherry Chocolate	3	9.243075370788574	-18.744871139526367
734	Victor Collins	2	17.064891815185547	-15.97726821899414
735	Snowball Cocktail	7	-4.562061309814453	28.62571144104004
736	Violet Fizz	5	-21.660058975219727	-7.8635029792785645
737	Bikini	2	21.866111755371094	-14.04318618774414
738	Cold Deck Cocktail	0	38.06791305541992	-5.725606441497803
739	The Big Crush	8	-12.095724105834961	29.674837112426758
740	Bianca	2	19.59758758544922	-16.928302764892578
741	Bella Fragolia	2	20.653324127197266	-15.407796859741211
742	Beer Buster	3	7.685011863708496	-17.80185317993164
743	Basil 8	8	-13.244559288024902	32.08428955078125
744	Shamrock Cocktail	0	38.593257904052734	-5.856886386871338
745	Aqueduct	8	-11.198575019836426	29.503387451171875
746	Scotch Whisky Highball	2	17.744295120239258	-9.001117706298828
747	Alfie Cocktail	6	8.136707305908203	23.358051300048828
748	Admiral Perry	3	6.845850467681885	-20.316057205200195
749	Yellow Rose Of Texas	2	19.95383644104004	-11.838025093078613
750	St. Patrick's Day Cocktail	0	39.35188293457031	-7.062338829040527
751	Purple Twister	2	16.721881866455078	-15.74433422088623
752	Waiting On Summer	8	-16.360036849975586	32.10751724243164
753	Cognac Highball	2	17.577857971191406	-9.488116264343262
754	Prince's Smile Cocktail	4	-17.362218856811523	-20.42057991027832
755	Viva Villa	8	-16.271236419677734	31.156620025634766
756	Praire Oyster Cocktail	4	-9.954262733459473	-15.679574966430664
757	Praire Chicken	5	-20.92743492126465	-13.244742393493652
758	Venial Sin	3	3.06854248046875	-11.28536605834961
759	Vagabundo	6	7.481823444366455	21.616863250732422
760	The 21st Century	8	-15.493624687194824	29.97650909423828
761	Pollyanna Cocktail	7	1.8844815492630005	24.684335708618164
762	Toreador	3	3.906343936920166	-17.06450653076172
763	Pink Squirrel Cocktail	3	3.2606842517852783	-17.080175399780273
764	Pink Lady Cocktail	5	-21.93733787536621	-12.149267196655273
765	Tijuana Taxi	3	6.966642379760742	-13.073797225952148
766	Tia Juanathan	8	-15.909576416015625	28.931644439697266
767	Phoebe Snow Cocktail	4	-10.331493377685547	-18.91863441467285
768	Tequonic	8	-16.49435806274414	29.820514678955078
769	Tequini	9	-26.93946075439453	26.25208282470703
770	Passion Daiquiri Cocktail	1	25.741941452026367	-3.549431324005127
771	Parisian Blonde Cocktail	1	31.28959083557129	-5.700287342071533
772	Tequila Sunrise	3	4.5194172859191895	-13.214709281921387
773	Coffee Grasshopper	0	37.413787841796875	-6.490653991699219
774	Tequila Straight	8	-16.428878784179688	30.640487670898438
775	Tequila Sour	2	20.043724060058594	-11.853438377380371
776	Tequila Smash	8	-15.268453598022461	30.78325653076172
777	Tequila Pink	7	1.8283586502075195	28.576940536499023
778	Tequila Old-Fashioned	9	-23.012001037597656	22.22700309753418
779	Rob Roy Cocktail	7	0.5317057371139526	29.816890716552734
780	Tequila Mockingbird	8	-16.9626522064209	31.085243225097656
781	Tequila Matador	6	7.62015438079834	21.68592071533203
782	Tequila Manhattan	9	-26.939435958862305	26.252182006835938
783	T.N.T. Cocktail	3	2.477876663208008	-15.143006324768066
784	Thunderclap Cocktail	4	-13.643332481384277	-19.202735900878906
785	Thunder Cocktail	4	-13.153700828552246	-14.411696434020996
786	Tequila Collins	2	24.03009033203125	-11.856700897216797
787	White Lady Cocktail	5	-19.520309448242188	-8.910786628723145
788	Tequila Canyon	6	6.99347448348999	21.17091941833496
789	Chicago Cocktail	4	-14.712644577026367	-25.667104721069336
790	Sunday Confession	2	15.412673950195312	-11.405014991760254
791	Strawberry Margarita	8	-17.827564239501953	30.686674118041992
792	Western Rose Cocktail	4	-18.149538040161133	-21.35501480102539
793	Widow's Kiss Cocktail	9	-29.600927352905273	24.980546951293945
794	Spice Of Life	8	-16.69930648803711	32.65061569213867
795	Widow's Dream Cocktail	3	2.745056390762329	-13.840829849243164
796	Vodka Gypsy Cocktail	9	-25.154104232788086	25.93781852722168
797	South Of The Border	8	-15.113778114318848	30.323055267333984
798	Vodka Grasshopper Cocktail	0	38.19103240966797	-7.441992282867432
799	Violet Fizz Juice	5	-21.65995216369629	-7.863292694091797
800	Smoked Margarita	8	-17.397790908813477	29.49093246459961
801	Sloe Tequila	8	-15.453736305236816	29.965497970581055
802	Queen Elizabeth Cocktail	7	-1.117444396018982	27.258329391479492
803	Silk Stockings	3	4.0185160636901855	-16.82465171813965
804	Orchid Cocktail	5	-21.43204116821289	-11.86905574798584
805	Orange Milk Fizz	5	-22.544958114624023	-7.072426795959473
806	Orange Gin Rickey	7	-6.125390529632568	25.94952964782715
807	Orange Gin Highball	5	-23.916587829589844	-7.876811981201172
808	Orange Gin Fizz	5	-22.557174682617188	-7.576711654663086
809	Orange Gin Collins	5	-23.724626541137695	-7.825083255767822
810	Sidewinder	8	-17.811054229736328	31.769742965698242
811	Orange Blossom Cocktail	5	-21.970977783203125	-7.095510959625244
812	Shady Lady	8	-14.833806991577148	34.0233154296875
813	Cherry Blossom	4	-12.970868110656738	-25.410865783691406
814	The Sfozando	9	-26.45176887512207	25.110692977905273
815	Napoleon Cocktail	7	-3.1882991790771484	31.384849548339844
816	Moulin Rouge Cocktail	7	-2.9515268802642822	24.991836547851562
817	Sea Of Cortez	8	-16.039369583129883	29.09252166748047
818	Satin Sheets	8	-15.7706298828125	31.134342193603516
819	Santana Sling	1	29.82947540283203	-1.2039316892623901
820	Rosita	9	-26.49437141418457	26.043413162231445
821	Mariposa Cocktail	4	-11.270318984985352	-24.858976364135742
822	Margarita Cocktail	8	-17.225309371948242	29.61781883239746
823	The Refuge	8	-14.67879581451416	33.127113342285156
824	Manhattan Cocktail (dry)	7	0.6285225749015808	29.423994064331055
825	Mamie Taylor	8	-14.012925148010254	29.769817352294922
826	Quetzalcoatl	3	6.939565658569336	-10.885427474975586
827	Zero Mint	0	38.641849517822266	-6.358168125152588
828	Purple Pancho	5	-21.46589469909668	-5.658139705657959
829	Midnight Express	1	27.562013626098633	-5.236234188079834
830	London Special Cocktail	9	-26.978755950927734	23.55986976623535
831	Mary Pickford Cocktail	6	10.25198745727539	23.16851806640625
832	Charles Cocktail	9	-28.684799194335938	25.592479705810547
833	Martinique Rose	8	-13.74349308013916	33.82182693481445
834	Mariposa	4	-11.2703218460083	-24.859594345092773
835	Mandeville	2	21.2166690826416	-8.189669609069824
836	K.C.B. Cocktail	4	-17.02463150024414	-21.06810760498047
837	Malmaison	2	20.313661575317383	-8.220630645751953
838	Mai-Tai (Trader Vic Version)	6	11.406174659729004	21.81781005859375
839	Jersey Lightning Cocktail	4	-11.10889720916748	-20.79002571105957
840	Lumination	2	23.267271041870117	-9.2001953125
841	Jamaica Glow Cocktail	7	-5.3567047119140625	25.520936965942383
842	Lounge Lizard	1	30.097755432128906	-7.310561656951904
843	Jack-in-the-Box Cocktail	6	7.3187642097473145	23.106346130371094
844	Irish Whisky Cocktail	9	-28.657590866088867	20.903409957885742
845	Look Out Below	1	30.336294174194336	-3.4603281021118164
846	Little Princess Cocktail	1	30.511369705200195	-6.674205780029297
847	Little Devil Cocktail	5	-24.993324279785156	-8.861245155334473
848	Champs Elysees Cocktail	4	-14.880369186401367	-23.7668514251709
849	Hop Toad Cocktail 	1	32.25274658203125	-2.646385431289673
850	Level headed Cocktail	9	-28.940696716308594	23.290895462036133
851	La Vita Dulce	1	28.275772094726562	-4.982163429260254
852	Hole-in-One Cocktail	9	-25.792844772338867	24.091800689697266
853	Ko Adang	1	28.896183013916016	-1.9077152013778687
854	Knickerbocker Special Cocktail	6	9.144830703735352	22.71799659729004
855	Hair Raiser Cocktail	2	17.73118782043457	-14.309599876403809
856	Green Opal Cocktail	7	-4.991652488708496	29.124582290649414
857	Jamaican Ginger	1	28.821407318115234	-2.4247279167175293
858	Green Dragon Cocktail	0	40.461971282958984	-5.821417808532715
859	Grasshopper Cocktail	0	38.406864166259766	-6.943831920623779
860	Jamaican Crawler	6	9.710609436035156	23.524824142456055
861	Golden Slipper Cocktail	4	-15.159867286682129	-18.789749145507812
862	Jade	1	33.641502380371094	-4.4559326171875
863	Jacqueline	1	28.955825805664062	-4.907132625579834
864	Jack Sparrow Flip	1	27.262622833251953	-6.886302947998047
865	Irresistible	2	19.902311325073242	-9.009593963623047
866	Carroll Cocktail	4	-12.82901382446289	-20.303606033325195
867	Hush and Wonder	1	26.680538177490234	-2.785066604614258
868	Hurricane Leah	2	23.63644027709961	-14.497371673583984
869	Gimlet Cocktail	5	-19.96087074279785	-6.61287260055542
870	Hurricane	1	25.453960418701172	-4.782125473022461
871	Hop Toad	1	32.2528076171875	-2.6464900970458984
872	The Holy Roller	8	-15.821295738220215	27.210756301879883
873	Hemingway's Nog	1	27.137176513671875	-6.991379261016846
874	Flying Scotchman Cocktail	9	-28.472076416015625	26.2174015045166
875	Flying Grasshopper Cocktail	0	38.19102478027344	-7.441993236541748
876	Havana Cocktail	6	9.028172492980957	22.77888298034668
877	Harvest Nectar	6	9.44117546081543	22.245065689086914
878	Fancy Brandy Cocktail	4	-13.837152481079102	-17.464876174926758
879	Fallen Angel Cocktail	0	40.03622817993164	-6.490952491760254
880	The Poncho	9	-27.664039611816406	27.231496810913086
881	Hai Karate	6	8.847325325012207	21.74909782409668
882	Cara Sposa	4	-8.362263679504395	-20.060401916503906
883	Traditional Martini (Dry)	7	-1.9443103075027466	23.646921157836914
884	Pina Agave	6	7.674520492553711	21.14902687072754
885	Grande Guignol	1	30.73862648010254	-2.2467715740203857
886	Pancho Villa	9	-26.250886917114258	27.487728118896484
887	Paloma (Natural)	3	6.862590789794922	-11.3225736618042
888	Golden Friendship	1	30.384960174560547	-7.972789287567139
889	Paloma	8	-14.62748908996582	33.118812561035156
890	Pacific Sunshine	9	-22.60807228088379	22.252172470092773
891	Golden Eclipse	9	-24.628549575805664	23.58953857421875
892	Diplomat Cocktail	9	-27.745595932006836	26.308164596557617
893	Oldest Temptation	9	-22.915918350219727	21.709383010864258
894	Ginger Grapefruit Rickey	1	27.51906394958496	-2.1760001182556152
895	Calvados Cocktail	9	-27.43617820739746	22.370033264160156
896	Daiquiri Cocktail	1	29.40030860900879	-3.544579267501831
897	The Oaxaca Old-Fashioned	9	-22.92136001586914	26.262224197387695
898	Cuban Special Cocktail	6	8.883949279785156	22.092750549316406
899	Gaugin	1	25.209522247314453	-4.240805625915527
900	The Nomad South	8	-16.76913070678711	28.075708389282227
901	Creole Lady Cocktail	3	1.3765908479690552	-17.7918701171875
902	No. 8	9	-23.17701530456543	23.958980560302734
903	Fog Cutter	4	-16.755966186523438	-24.139768600463867
904	Mexicola	8	-15.718811988830566	30.071943283081055
905	Floridita No. 3	1	26.725378036499023	-2.7805042266845703
906	Mexican Monk	2	14.866904258728027	-11.67910099029541
907	Floridita No. 1	1	30.939167022705078	-3.5161523818969727
908	Mexican Madras	8	-15.77025318145752	28.927162170410156
909	Cadiz	4	-8.590653419494629	-19.75337791442871
910	Chocolate Soldier Cocktail	7	-4.17817497253418	31.410240173339844
911	Fireman's Sour	1	25.838165283203125	-5.3950300216674805
912	Fat Like Buddha	1	31.756282806396484	-5.9852776527404785
913	Cherry Blossom Cocktail	4	-12.806008338928223	-25.080799102783203
914	Fair-and-Warmer Cocktail	1	31.098859786987305	-6.241946220397949
915	Chelsea Sidecar Cocktail	5	-24.680496215820312	-8.836431503295898
916	Mexican Firing Squad	8	-15.471136093139648	31.779985427856445
917	Mexicana	6	7.929868221282959	22.178613662719727
918	El Presidente Cocktail No. 2	9	-27.795326232910156	25.27492332458496
919	Margarita Tequila	8	-17.59969711303711	30.285890579223633
920	Lillypad	8	-17.058786392211914	27.843162536621094
921	X. Y. Z. Cocktail	2	19.968708038330078	-7.471451282501221
922	La Ultima Palabra	8	-14.637380599975586	33.533058166503906
923	La Perla	3	1.3644440174102783	-13.971212387084961
924	Bull's Milk	1	28.1137752532959	-6.7473530769348145
925	La Bomba	6	6.825117588043213	21.0446834564209
926	Jinx Cocktail	3	6.9769415855407715	-11.699128150939941
927	The Interesting Cocktail	2	10.793540000915527	-10.127089500427246
928	Hot Pants	8	-15.738703727722168	33.36397933959961
929	High Plains Drifter No. 1	8	-16.08322525024414	27.922815322875977
930	Hairy Sunrise	8	-15.134407997131348	28.455692291259766
931	Guadalajara	7	1.5435012578964233	29.038164138793945
932	Frostbite	3	3.759533643722534	-16.855587005615234
933	Flower Power	9	-22.97398567199707	27.244749069213867
934	Cablegram Highball	2	17.474693298339844	-11.383405685424805
935	Cabaret Cocktail	7	-2.956188917160034	24.9915828704834
936	Bulla's Eye	4	-12.513030052185059	-18.208072662353516
937	El Oso (The Bear)	9	-23.325389862060547	24.5235595703125
938	El Ni_o	8	-15.997869491577148	31.63501739501953
939	El Molino	3	-0.4798513650894165	-13.483003616333008
940	Bucks Fizz	3	5.155040740966797	-14.76669979095459
941	Dirty Daisy	8	-16.092144012451172	30.212947845458984
942	Diablo	8	-15.80126953125	29.81158447265625
943	Count Camillo's Paloma	3	7.095285892486572	-10.946084022521973
944	Company B	2	15.538795471191406	-10.582439422607422
945	Chupa Cabra	8	-14.895919799804688	32.89687728881836
946	Chinchona	9	-23.331016540527344	25.27174949645996
947	Chapala	2	14.227231979370117	-10.158926010131836
948	Bulldog Cocktail	4	-15.170988082885742	-21.632312774658203
949	Boston Sidecar Cocktail	1	32.04566955566406	-3.7754414081573486
950	Catalina Margarita	2	20.04627227783203	-11.903223991394043
951	Camino Del Ray	9	-22.85487937927246	23.529590606689453
952	Cactus Berry	8	-18.254154205322266	30.142311096191406
953	Bolero Cocktail	4	-10.609603881835938	-21.204416275024414
954	Bum's Rush	8	-17.735143661499023	28.839628219604492
955	Brave Bull	2	14.975152015686035	-11.642630577087402
956	Blue Margarita	8	-16.49740219116211	30.61578369140625
957	Bloody Maria	2	13.931007385253906	-12.764691352844238
958	Pineapple Dream Cocktail	6	8.975044250488281	22.21734046936035
959	Big Red Hooter	6	11.165055274963379	23.657211303710938
960	Blood Bronx Cocktail	7	-0.6975722312927246	24.870058059692383
961	Bravo	9	-22.996553421020508	27.191102981567383
962	Amante Picante	8	-16.86021614074707	32.770084381103516
963	Brunswick Street Cocktail	3	1.857210397720337	-13.525458335876465
964	Black Hawk Cocktail	7	-4.561874866485596	28.625953674316406
965	Alamo Splash	6	7.727953910827637	21.514484405517578
966	Betsy Ross Cocktail	4	-13.506860733032227	-19.03708267211914
967	Bermuda Rose Cocktail	4	-17.355993270874023	-19.048843383789062
968	Yokahama Romance	7	-4.368642807006836	29.786680221557617
969	Yale Cocktail	7	-3.5666792392730713	24.257373809814453
970	Xanthia Cocktail	4	-14.49923038482666	-20.322956085205078
971	Woodstock	9	-25.70413589477539	22.88075828552246
972	Wolf's Bite	7	-6.440890789031982	31.00004005432129
973	Barbary Coast Cocktail	7	-5.974193096160889	28.55559730529785
974	The Winkle	2	22.857357025146484	-12.74351978302002
975	The Wink	9	-28.872211456298828	21.745986938476562
976	Will Rogers	7	-1.429980993270874	25.180139541625977
977	Brandy Vermouth Cocktail	9	-28.690570831298828	25.592281341552734
978	White Spider	2	22.427736282348633	-12.109366416931152
979	White Lady	7	-4.85758113861084	27.30927848815918
980	Western Rose	4	-18.14937973022461	-21.35666847229004
981	May Blosson Fizz	2	15.133883476257324	-9.254866600036621
982	Wembly Cocktail	4	-18.56573486328125	-20.05592918395996
983	Apple Pie Cocktail	4	-10.259995460510254	-23.678478240966797
984	Water Lily	5	-24.951269149780273	-7.964614391326904
985	Wallis Blue Cocktail	5	-19.87319564819336	-6.7138800621032715
986	Minnehaha Cocktail	7	-0.6983868479728699	24.870622634887695
987	Wallick Cocktail	7	-3.232043743133545	26.9757137298584
988	Waikiki Beachcomber	6	6.071353912353516	22.93808364868164
989	Vow Of Silence	8	-11.3130521774292	33.50188446044922
